 Time,10 g X,Temperature,Sound,Light,Pressure,Humidity,Comment
  min:s,g, C, dBA, lx, kPa, %RH,
00:01,-0.07223114,21.72671,44.62566,53.80927,96.896,31.42977,
00:02,-0.07223114,21.72671,40,53.2765,96.918,31.37636,
00:03,-0.07223114,21.72671,40,53.2765,96.908,31.32296,
00:04,-0.07223114,21.72671,62.21793,53.80927,96.9,31.29244,
00:05,-0.07223114,21.72671,44.74868,53.80927,96.902,31.23903,
00:06,-0.08025682,21.72671,52.13005,54.34203,96.904,31.21614,
00:07,-0.06420546,21.72671,41.42707,54.34203,96.912,31.178,
00:08,-0.05617978,21.72671,64.94904,53.80927,96.92,31.13985,
00:09,-0.07223114,21.72671,75.13532,53.80927,96.904,31.1017,
00:10,-0.05617978,21.72671,46.81546,54.34203,96.906,31.07881,
00:11,-0.07223114,21.72671,70.06678,54.34203,96.882,31.04829,
00:12,-0.07223114,21.72671,69.18102,54.34203,96.918,31.02541,
00:13,-0.06420546,21.72671,50.16169,54.34203,96.88,30.99489,
00:14,-0.07223114,21.72671,63.05448,54.34203,96.91,30.972,
00:15,-0.07223114,21.72671,46.27417,54.34203,96.898,30.95674,
00:16,-0.06420546,21.72671,77.98946,54.34203,96.898,30.91859,
00:17,-0.06420546,21.72671,56.23902,54.34203,96.886,30.88807,
00:18,-0.06420546,21.72671,69.69772,54.34203,96.924,30.87282,
00:19,-0.07223114,21.72671,68.17223,53.80927,96.87,30.8423,
00:20,-0.06420546,21.72671,58.3304,54.34203,96.918,30.81941,
00:21,-0.06420546,21.72671,78.94904,54.34203,96.876,30.79652,
00:22,-0.07223114,21.72671,45.9051,54.34203,96.918,30.78126,
00:23,-0.08025682,21.70186,58.13357,54.34203,96.886,30.75837,
00:24,-0.07223114,21.70186,45.88049,54.34203,96.914,30.73549,
00:25,-0.06420546,21.70186,60.69244,54.34203,96.92,30.7126,
00:26,-0.07223114,21.70186,66.67136,33.5642,96.91,30.69734,
00:27,-0.07223114,21.70186,78.30931,34.09696,96.908,30.68208,
00:28,-0.06420546,21.70186,73.75747,52.74374,96.918,30.66682,
00:29,-0.07223114,21.70186,63.6696,54.34203,96.896,30.6363,
00:30,-0.06420546,21.70186,75.97188,54.34203,96.938,30.61341,
00:31,-0.07223114,21.70186,42.46046,55.40757,96.906,30.59052,
00:32,0.1284109,21.70186,57.2478,54.34203,96.894,30.56764,
00:33,0.6661316,21.70186,67.06503,54.34203,96.904,30.56764,
00:34,0.7383628,21.70186,40,55.40757,96.924,30.56764,
00:35,-1.155698,21.67702,57.7891,55.40757,96.876,30.55238,
00:36,-0.8025682,21.67702,79.8348,51.14544,96.892,30.55238,
00:37,-0.8186196,21.67702,65.93322,47.94886,96.888,30.52949,
00:38,-0.529695,21.70186,65.17047,39.42461,96.882,30.51423,
00:39,-0.1605136,21.70186,80.47452,46.88332,96.882,30.49897,
00:40,-0.1685393,21.72671,73.65905,37.82632,96.908,30.48371,
00:41,-0.1685393,21.7764,65.26889,44.75227,96.898,30.46082,
00:42,-0.1605136,21.82609,48.19332,49.01439,96.912,30.43793,
00:43,-0.1605136,21.87578,67.77856,52.74374,96.912,30.40742,
00:44,-0.1685393,21.92547,66.72057,52.21098,96.902,30.38453,
00:45,-0.1605136,21.97515,77.44816,52.74374,96.904,30.36927,
00:46,-0.1284109,21.95031,81.26186,51.67821,96.9,30.34638,
00:47,-0.200642,21.95031,50.2355,55.94033,96.894,30.31586,
00:48,-0.2086677,21.90062,59.63445,57.00586,96.92,30.3006,
00:49,-0.2086677,21.85093,71.59227,54.34203,96.904,30.27771,
00:50,-0.2086677,21.80124,71.49385,53.80927,96.898,30.25483,
00:51,-0.2166934,21.72671,77.76801,53.80927,96.922,30.23194,
00:52,-0.2086677,21.67702,90.02109,38.89185,96.892,30.21668,
00:53,-0.2086677,21.60248,98.60809,43.68673,96.878,30.19379,
00:54,-0.2086677,21.5528,101.8559,43.68673,96.924,30.17853,
00:55,-0.2166934,21.47826,104.0949,43.15397,96.878,30.16327,
00:56,-0.200642,21.42857,100.2812,43.15397,96.888,30.14801,
00:57,-0.2166934,21.35404,97.40246,43.15397,96.892,30.14038,
00:58,-0.2086677,21.30435,99.29701,42.6212,96.904,30.14038,
00:59,-0.2166934,21.25466,101.0931,42.6212,96.9,30.14801,
01:00,-0.2166934,21.20497,101.3884,42.08844,96.9,30.13275,
01:02,-0.2166934,21.13043,102.1265,42.6212,96.904,30.14038,
01:03,-0.2166934,21.08075,97.03339,37.82632,96.892,30.12512,
01:04,-0.2086677,21.03106,101.8805,31.9659,96.902,30.10987,
01:05,-0.2166934,20.98137,101.1916,30.36761,96.908,30.10224,
01:06,-0.2086677,20.93168,102.2988,37.82632,96.928,30.10224,
01:07,-0.2166934,20.88199,102.8155,41.02291,96.89,30.10987,
01:08,-0.2086677,20.8323,103.6274,41.55568,96.912,30.10224,
01:09,-0.2166934,20.78261,104.9069,41.55568,96.9,30.10987,
01:10,-0.2086677,20.73292,103.1599,41.02291,96.89,30.10224,
01:11,-0.2086677,20.68323,104.4394,41.02291,96.914,30.10987,
01:12,-0.2166934,20.63354,77.98946,41.02291,96.894,30.11749,
01:13,-0.2086677,20.58385,42.38664,45.81779,96.896,30.10987,
01:14,-0.2086677,20.55901,63.6942,48.48162,96.886,30.10224,
01:15,-0.2086677,20.50932,79.93322,49.01439,96.91,30.09461,
01:16,-0.200642,20.45963,72.05975,49.01439,96.918,30.06409,
01:17,-0.2086677,20.43478,40,49.54715,96.89,30.03357,
01:18,-0.2086677,20.38509,78.45694,49.01439,96.914,30.01831,
01:19,-0.2086677,20.3354,40,49.01439,96.888,29.99542,
01:20,-0.2166934,20.31056,48.0703,48.48162,96.89,29.9649,
01:21,-0.2166934,20.26087,72.40422,46.88332,96.894,29.94202,
01:22,-0.2086677,20.23602,56.75571,46.35056,96.882,29.91913,
01:23,-0.2086677,20.21118,40.07381,46.88332,96.85,29.90387,
01:24,-0.2086677,20.16149,76.83304,47.41609,96.896,29.88098,
01:25,-0.200642,20.13665,59.85589,47.41609,96.922,29.85046,
01:26,-0.2166934,20.08696,73.413,47.41609,96.902,29.82757,
01:27,-0.2086677,20.06211,70.14059,47.41609,96.906,29.81994,
01:28,-0.2086677,20.03727,65.44112,47.94886,96.878,29.78942,
01:29,-0.2086677,19.98758,52.67135,47.94886,96.914,29.77417,
01:30,-0.2086677,19.96273,70.63269,47.94886,96.9,29.75891,
01:31,-0.2086677,19.93789,82.49209,47.94886,96.918,29.73602,
01:32,-0.2247191,19.8882,47.50439,47.41609,96.91,29.72076,
01:33,-0.2086677,19.86335,73.04394,47.94886,96.838,29.69787,
01:34,-0.2086677,19.83851,43.83831,47.41609,96.924,29.69024,
01:35,-0.2247191,19.81367,59.3638,47.94886,96.91,29.65972,
01:36,-0.200642,19.76398,44.23199,47.94886,96.9,29.65972,
01:37,-0.2166934,19.73913,67.92619,47.94886,96.88,29.63684,
01:38,-0.200642,19.71428,54,47.94886,96.922,29.61395,
01:39,-0.200642,19.68944,40.04921,46.88332,96.908,29.62158,
01:40,-0.2086677,19.6646,40.17223,46.88332,96.888,29.60632,
01:41,-0.200642,19.63975,74.9631,46.88332,96.898,29.5758,
01:42,-0.2166934,19.61491,41.55009,46.88332,96.898,29.56054,
01:43,-0.2086677,19.59006,40,46.88332,96.92,29.55291,
01:44,-0.200642,19.54037,41.86995,46.88332,96.9,29.53765,
01:45,-0.2086677,19.51553,40,46.88332,96.928,29.52239,
01:46,-0.2247191,19.49068,63.81722,46.88332,96.92,29.50713,
01:47,-0.2086677,19.46584,67.95079,46.88332,96.906,29.4995,
01:48,-0.200642,19.44099,63.30053,46.88332,96.896,29.48425,
01:49,-0.200642,19.41615,43.00176,46.88332,96.896,29.46136,
01:50,-0.2086677,19.3913,77.57117,47.41609,96.906,29.43847,
01:50,-0.2086677,19.36646,50.7768,47.41609,96.9,29.43084,
01:50,-0.2086677,19.34162,60.74165,47.41609,96.878,29.41558,
01:50,-0.2086677,19.34162,81.82777,47.41609,96.902,29.40032,
01:50,-0.200642,19.31677,66.81898,47.41609,96.912,29.39269,
01:50,-0.200642,19.29193,73.28999,47.41609,96.924,29.37743,
01:50,-0.200642,19.26708,69.42706,47.41609,96.912,29.34691,
01:50,-0.2086677,19.24224,72.13357,46.88332,96.898,29.33928,
01:50,-0.200642,19.24224,59.41301,46.35056,96.928,29.3164,
01:50,-0.200642,19.21739,45.83128,46.88332,96.922,29.30114,
02:00,-0.1926164,19.19255,67.75395,46.88332,96.908,29.29351,
02:01,-0.2166934,19.1677,63.79262,46.88332,96.886,29.27825,
02:02,-0.2086677,19.14286,58.42882,46.88332,96.922,29.24773,
02:03,-0.2086677,19.14286,41.40246,46.88332,96.892,29.23247,
02:04,-0.2166934,19.11801,69.50088,46.35056,96.892,29.22484,
02:05,-0.2086677,19.09317,40,46.88332,96.926,29.20958,
02:06,-0.2086677,19.06832,80.64675,46.88332,96.914,29.17906,
02:07,-0.2086677,19.04348,76.41476,46.88332,96.922,29.16381,
02:08,-0.2086677,19.04348,49.91564,44.2195,96.938,29.11803,
02:09,-0.2086677,19.01863,40,27.70378,96.9,29.05699,
02:10,-0.2166934,18.99379,66.44991,25.57272,96.912,29.01884,
02:11,-0.2086677,18.96894,40,14.91742,96.894,28.95781,
02:12,-0.2086677,18.9441,62.41476,2.663825,96.89,28.92729,
02:13,-0.2086677,18.9441,73.413,1.06553,96.9,28.91203,
02:14,-0.200642,18.89441,41.27944,2.663825,96.892,28.89677,
02:15,-0.2086677,18.86957,61.70123,4.26212,96.906,28.89677,
02:16,-0.2166934,18.84472,40,4.26212,96.916,28.88914,
02:17,-0.200642,18.81988,49.79262,4.794886,96.912,28.88151,
02:18,-0.2086677,18.79503,62.39016,9.589771,96.92,28.88914,
02:19,-0.2086677,18.77019,45.01933,20.77784,96.902,28.87388,
02:20,-0.200642,18.74534,66.17926,14.38466,96.908,28.88151,
02:21,-0.2166934,18.69565,46.79086,2.13106,96.914,28.88914,
02:22,-0.2407705,18.67081,47.77504,0.532765,96.91,28.88914,
02:23,-0.2327448,18.64596,64.03867,0.532765,96.904,28.88914,
02:24,-0.2327448,18.62112,40,0.532765,96.892,28.88914,
02:25,-0.2086677,18.59627,76.14411,0.532765,96.896,28.89677,
02:26,-0.2086677,18.54658,54.91037,0.532765,96.906,28.9044,
02:27,-0.1926164,18.52174,76.51318,0.532765,96.882,28.89677,
02:28,-0.2086677,18.49689,40,0.532765,96.91,28.91203,
02:29,-0.2086677,18.47205,65.93322,0.532765,96.882,28.91966,
02:30,-0.2086677,18.42236,58.50264,0.532765,96.914,28.93492,
02:31,-0.3852327,18.39752,65.02285,43.15397,96.904,28.95018,
02:32,-0.2808989,18.37267,80.86819,36.22802,96.908,28.94255,
02:33,-0.1605136,18.32298,74.4464,87.37347,96.948,28.99596,
02:34,0,18.29814,70.43585,75.65263,96.918,29.04936,
02:35,0,18.27329,40,93.76665,96.908,29.14092,
02:36,0.02407705,18.2236,77.86643,96.96324,96.924,29.2401,
02:37,0.01605137,18.19876,60.91388,96.96324,96.896,29.32403,
02:38,0.008025683,18.17391,64.13708,97.496,96.91,29.41558,
02:39,0.02407705,18.12422,40,108.1513,96.914,29.46899,
02:40,0.01605137,18.09938,51.26889,110.2824,96.892,29.54528,
02:41,0.008025683,18.04969,43.44464,116.6755,96.856,29.60632,
02:42,0.008025683,18.02485,68.09842,120.4049,96.916,29.65209,
02:43,0.01605137,18,66.42531,121.4704,96.93,29.69787,
02:44,0.01605137,17.94667,76.46397,119.3394,96.916,29.75128,
02:45,0.01605137,17.92,40,109.2168,96.942,29.78942,
02:46,-0.02407705,17.89333,87.48682,87.37347,96.9,29.82757,
02:47,0.01605137,17.84,78.97364,11.72083,96.904,29.86572,
02:48,0.02407705,17.81333,40,2.13106,96.874,29.89624,
02:49,0.008025683,17.78667,40.68893,1.06553,96.92,29.9115,
02:50,0.01605137,17.73333,70.31283,1.06553,96.91,29.94202,
02:51,0.02407705,17.73333,41.69772,0.532765,96.94,29.97253,
02:52,0.02407705,17.68,55.52548,1.06553,96.916,30.00305,
02:53,0.01605137,17.65333,41.57469,1.06553,96.918,30.03357,
02:54,0.01605137,17.62667,63.7188,0.532765,96.874,30.06409,
02:55,0.01605137,17.6,66.00703,0.532765,96.896,30.10224,
02:56,0.01605137,17.54667,42.82952,0.532765,96.91,30.14038,
02:57,0.008025683,17.52,86.74868,0.532765,96.916,30.17853,
02:58,0.02407705,17.49333,62.80844,0.532765,96.894,30.22431,
02:59,0.01605137,17.46667,43.39543,0.532765,96.9,30.2472,
03:00,0.01605137,17.44,80.69596,0.532765,96.922,30.3006,
03:00,0.01605137,17.41333,62.46397,0.532765,96.91,30.33875,
03:00,0.008025683,17.38667,79.12126,0.532765,96.926,30.36927,
03:00,0,17.36,63.86643,0.532765,96.898,30.40742,
03:00,0.008025683,17.33333,40,0.532765,96.91,30.45319,
03:00,0.08025682,17.30667,45.01933,81.51305,96.898,30.49134,
03:00,0.03210273,17.28,54.63972,72.98882,96.92,30.52949,
03:00,0.04815409,17.25333,64.11248,62.33351,96.884,30.54475,
03:00,0.01605137,17.22667,81.16344,61.80075,96.918,30.56001,
03:00,0.008025683,17.2,69.23023,60.73521,96.922,30.56764,
03:10,0.01605137,17.17333,75.92267,62.33351,96.89,30.56764,
03:10,0.008025683,17.14667,69.99297,62.33351,96.908,30.56001,
03:10,0.01605137,17.12,82.41827,61.80075,96.886,30.54475,
03:10,0.008025683,17.09333,73.95431,62.33351,96.914,30.53712,
03:10,0.008025683,17.06667,62.24253,62.86628,96.896,30.52949,
03:10,0.02407705,17.06667,82.49209,56.47309,96.91,30.52186,
03:10,-0.02407705,17.04,76.0949,59.13692,96.9,30.5066,
03:10,-0.1123596,17.01333,75.0123,58.07139,96.918,30.49134,
03:10,0.1043339,17.01333,68.78735,58.60416,96.928,30.48371,
03:10,0.3852327,16.98667,72.01054,62.86628,96.912,30.48371,
03:20,0.4012841,16.96,72.47803,60.73521,96.896,30.45319,
03:20,-0.2407705,16.93333,61.97188,61.26798,96.932,30.42267,
03:20.0.06420546,16.93333,51.61336,60.73521,96.92,30.39216,
03:20,-1.035313,16.90667,64.2109,60.73521,96.874,30.36927,
03:20,-0.834671,16.90667,83.32864,61.26798,96.88,30.34638,
03:20,-0.3611557,16.88,61.94728,61.26798,96.896,30.31586,
03:20,-1.05939,16.85333,57.88752,62.33351,96.894,30.29297,
03:20,-0.2648475,16.82667,41.20562,62.33351,96.904,30.27008,
03:20,-3.113965,16.82667,68.34447,62.86628,96.918,30.23957,
03:20,-1.372392,16.8,74.37258,62.86628,96.916,30.22431,
03:30,-1.70947,16.77333,71.59227,62.86628,96.916,30.18616,
03:30,-0.6019261,16.77333,48.0949,58.60416,96.928,30.16327,
03:30,-1.179775,16.74667,41.64851,58.60416,96.894,30.13275,
03:30,0.882825,16.72,43.73989,61.26798,96.902,30.08698,
03:30,-0.8266453,16.72,74.02812,61.80075,96.92,30.04883,
03:30,-0.6420546,16.69333,77.96485,62.33351,96.936,30.02594,
03:30,-0.7865168,16.66667,52.20387,62.86628,96.908,29.98016,
03:30,1.11557,16.64,60.20035,62.33351,96.914,29.93439,
03:30,0.1605136,16.64,61.529,62.33351,96.884,29.88861,
03:30,-0.3852327,16.61333,59.21617,62.86628,96.89,29.85809,
03:40,-2.094703,16.58667,49.81722,62.86628,96.886,29.81994,
03:40,-6.364366,16.56,65.8102,62.33351,96.924,29.79705,
03:40,-5.987159,16.56,40,62.33351,96.904,29.75891,
03:40,-0.858748,16.53333,73.63445,62.33351,96.894,29.73602,
03:40,-1.131621,16.50667,77.57117,63.39904,96.91,29.7055,
03:40,-0.8507223,16.48,40,63.9318,96.904,29.67498,
03:40,-1.605136,16.45333,80.64675,63.9318,96.926,29.65209,
03:40,-0.70626,16.45333,72.92091,63.9318,96.934,29.60632,
03:40,-1.043339,16.42667,67.36028,63.9318,96.924,29.5758,
03:40,-0.9470305,16.4,80.08084,63.9318,96.906,29.55291,
03:50,-3.322632,16.37333,80.74517,63.9318,96.896,29.53002,
03:50,-1.605136,16.37333,70.87874,63.9318,96.906,29.4995,
03:50,-0.1685393,16.34667,60.71705,63.39904,96.922,29.47662,
03:50,-1.00321,16.34667,66.15466,62.86628,96.894,29.45373,
03:50,-4.414125,16.32,62.80844,63.39904,96.892,29.42321,
03:50,-3.394864,16.32,68.46748,63.9318,96.922,29.39269,
03:50,-0.02407705,16.29333,70.31283,63.9318,96.898,29.37743,
03:50,-0.9550562,16.29333,72.69947,63.9318,96.904,29.33166,
03:50,-6.845907,16.26667,64.45694,63.9318,96.914,29.28588,
03:50,-8.274478,16.26667,40,63.9318,96.92,29.2401,
04:00,-1.669342,16.24,62.90685,63.9318,96.902,29.21721,
04:00,-0.9951846,16.24,45.83128,63.9318,96.884,29.16381,
04:00,-1.203852,16.21333,68.91037,63.9318,96.91,29.14092,
04:00,-0.858748,16.21333,47.11072,63.9318,96.906,29.10277,
04:00,-0.8988764,16.18667,45.06854,63.9318,96.902,29.07988,
04:00,-0.1685393,16.18667,43.39543,63.9318,96.916,29.05699,
04:00,-0.2327448,16.16,57.27241,62.86628,96.91,29.02647,
04:00,0.4735152,16.16,72.89631,62.33351,96.898,28.99596,
04:00,0.4895666,16.13333,76.71001,60.20245,96.928,28.99596,
04:00,-0.1444623,16.10667,65.44112,61.80075,96.882,28.9807,
04:10,-0.008025683,16.10667,50.2109,61.26798,96.898,28.96544,
04:10,-0.008025683,16.08,74.49561,61.80075,96.912,28.96544,
04:10,0.008025683,16.05333,45.33919,57.53862,96.89,28.95781,
04:10,-0.008025683,16.05333,44.05975,61.80075,96.908,28.95018,
04:10,0,16.02667,40,61.80075,96.914,28.95018,
04:10,-0.008025683,16.02667,40,62.86628,96.906,28.92729,
04:10,0.008025683,16,82.51669,63.39904,96.938,28.92729,
04:10,0,16,40,63.39904,96.894,28.91203,
04:10,-0.008025683,15.97333,53.75396,63.39904,96.906,28.89677,
04:10,0.008025683,15.97333,42.28822,62.86628,96.912,28.85863,
04:20,0.01605137,15.94667,43.05097,62.86628,96.928,28.82811,
04:20,0.008025683,15.94667,40,63.39904,96.902,28.81285,
04:20,-0.008025683,15.94667,49.49736,63.39904,96.938,28.78233,
04:20,-0.008025683,15.92,40,63.39904,96.898,28.76707,
04:20,0,15.92,55.15641,63.39904,96.876,28.75944,
04:20,0,15.92,40,62.86628,96.882,28.74418,
04:20,-0.008025683,15.92,77.79262,61.80075,96.886,28.72892,
04:20,0,15.89333,78.50615,60.20245,96.918,28.72892,
04:20,0.008025683,15.89333,64.92443,61.26798,96.89,28.71367,
04:20,-0.008025683,15.89333,40,61.26798,96.896,28.69841,
04:30,0.008025683,15.86667,74.91389,62.33351,96.926,28.66026,
04:30,0,15.89333,53.87698,60.73521,96.928,28.645,
04:30,0,15.92,40,59.66969,96.922,28.61448,
04:30,0.008025683,15.92,70.87874,59.13692,96.886,28.58396,
04:30,0,15.94667,40.63972,59.13692,96.886,28.57633,
04:30,-0.008025683,16,67.58173,59.13692,96.884,28.56107,
04:30,0,16.02667,40,59.13692,96.912,28.53819,
04:30,-0.008025683,16.08,52.05624,59.13692,96.886,28.53819,
04:30,0.008025683,16.10667,40,59.13692,96.922,28.53056,
04:30,0,16.16,49.05448,58.60416,96.896,28.52293,
04:40,0,16.21333,40,58.60416,96.898,28.50767,
04:40,-0.008025683,16.24,69.03339,58.60416,96.89,28.48478,
04:40,0,16.29333,77.10369,58.07139,96.896,28.47715,
04:40,0,16.34667,98.11599,52.21098,96.906,28.46952,
04:40,-0.008025683,16.37333,99.12478,51.14544,96.888,28.45426,
04:40,0,16.42667,97.18102,45.28503,96.9,28.45426,
04:40,-0.008025683,16.48,95.82777,34.62973,96.902,28.439,
04:40,0,16.50667,97.00879,35.69526,96.904,28.43137,
04:40,0,16.56,97.42706,23.97443,96.914,28.41611,
04:40,-0.008025683,16.58667,91.20211,28.76931,96.87,28.40085,
04:50,-0.008025683,16.64,90.16872,37.29355,96.908,28.39322,
04:50,0,16.69333,91.10369,36.22802,96.934,28.3856,
04:50,0,16.72,87.28999,39.42461,96.9,28.37034,
04:50,-0.008025683,16.77333,87.58524,37.29355,96.884,28.36271,
04:50,0,16.82667,89.11072,39.95738,96.892,28.34745,
04:50,0,16.85333,89.99648,41.55568,96.904,28.36271,
04:50,0,16.90667,89.5536,42.6212,96.9,28.35508,
04:50,0,16.96,88.39719,40.49014,96.88,28.33982,
04:50,0,17.04,87.06854,39.42461,96.924,28.33982,
04:50,-0.008025683,17.09333,89.67663,44.2195,96.904,28.33982,
05:00,0.008025683,17.2,89.82425,47.94886,96.88,28.33219,
05:00,0,17.36,85.39543,57.53862,96.886,28.33219,
05:00,0,17.49333,83.42706,60.20245,96.908,28.32456,
05:00,0,17.65333,87.19157,59.66969,96.914,28.31693,
05:00,-0.008025683,17.78667,87.46221,58.07139,96.88,28.3093,
05:00,0.008025683,17.94667,86.03515,60.20245,96.912,28.29404,
05:00,0,18.12422,85.54306,61.80075,96.884,28.27878,
05:00,-0.008025683,18.27329,87.3392,35.69526,96.886,28.27115,
05:00,-0.008025683,18.4472,89.79965,37.29355,96.878,28.24826,
05:00,0.008025683,18.57143,84.82953,33.5642,96.882,28.24826,
05:10,0.008025683,18.7205,86.2812,28.76931,96.87,28.23301,
05:10,0,18.84472,85.86292,27.70378,96.9,28.23301,
05:10,0.008025683,18.99379,87.3884,27.70378,96.878,28.22538,
05:10,-0.008025683,19.09317,87.9297,26.63825,96.916,28.21775,
05:10,0,19.21739,87.26538,25.57272,96.876,28.21012,
05:10,0.008025683,19.34162,88.37258,25.57272,96.884,28.21012,
05:10,0,19.44099,88.71705,24.50719,96.904,28.19486,
05:10,-0.008025683,19.54037,86.52724,26.63825,96.908,28.1796,
05:10,0.008025683,19.63975,86.77328,29.30208,96.888,28.1796,
05:10,0.008025683,19.73913,88.61863,31.43314,96.918,28.17197,
05:20,-0.008025683,19.83851,87.46221,31.9659,96.9,28.16434,
05:20,0,19.93789,89.35677,31.9659,96.924,28.15671,
05:20,-0.008025683,20.03727,85.71529,31.9659,96.872,28.14145,
05:20,0.008025683,20.13665,87.413,31.9659,96.924,28.14145,
05:20,0,20.23602,89.15993,31.43314,96.88,28.11856,
05:20,0.008025683,20.3354,86.52724,30.90037,96.876,28.11856,
05:20,0.008025683,20.40994,86.60105,30.90037,96.89,28.1033,
05:20,0,20.50932,88.20035,29.83484,96.9,28.1033,
05:20,-0.008025683,20.58385,88.56942,31.43314,96.914,28.07279,
05:20,0.008025683,20.65838,90.21793,30.36761,96.928,28.07279,
05:30,-0.008025683,20.73292,89.25835,29.83484,96.88,28.05753,
05:30,0.008025683,20.80745,87.83128,30.90037,96.888,28.05753,
05:30,-0.008025683,20.88199,88.22495,30.90037,96.876,28.03464,
05:30,0,20.95652,89.18453,27.70378,96.926,28.01938,
05:30,-0.008025683,21.03106,90.34095,31.43314,96.912,28.01175,
05:30,-0.01605137,21.08075,89.79965,37.82632,96.888,27.99649,
05:30,0,21.15528,87.28999,41.55568,96.894,27.9736,
05:30,0.008025683,21.20497,87.75747,34.09696,96.896,27.9736,
05:30,0,21.2795,89.43058,38.89185,96.898,27.95834,
05:30,0,21.32919,88.15115,39.95738,96.9,27.94308,
05:0,-0.008025683,21.40373,87.95431,42.08844,96.902,27.94308,
05:40,0.01605137,21.45342,85.73989,50.61268,96.89,27.92782,
05:40,-0.008025683,21.52795,82.76274,37.29355,96.894,27.92019,
05:40,0.01605137,21.60248,79.66257,46.35056,96.904,27.90494,
05:40,0,21.67702,74.37258,49.54715,96.872,27.89731,
05:40,-0.008025683,21.75155,75.43058,57.53862,96.89,27.88968,
05:40,-0.008025683,21.82609,80.30228,58.60416,96.888,27.87442,
05:40,0,21.92547,55.20562,59.13692,96.876,27.86679,
05:40,0.008025683,21.97515,46.88928,59.66969,96.864,27.85153,
05:40,-0.008025683,22.04734,78.2109,59.66969,96.886,27.8439,
05:50,0,22.11834,72.52724,59.66969,96.926,27.83627,
05:50,-0.008025683,22.18935,62.14411,59.66969,96.914,27.82864,
05:50,0,22.23669,76.29174,59.13692,96.908,27.81338,
05:50,-0.008025683,22.30769,66.89279,60.20245,96.91,27.80575,
05:50,-0.008025683,22.35503,73.48682,61.26798,96.88,27.79049,
05:50,-0.008025683,22.42603,54.86116,61.80075,96.914,27.77523,
05:50,0,22.47337,78.50615,60.20245,96.928,27.77523,
05:50,-0.008025683,22.54438,78.40773,59.66969,96.846,27.75235,
05:50,0,22.59172,65.95782,61.26798,96.912,27.74472,
05:50,0,22.63905,70.14059,61.80075,96.886,27.72946,
06:00,-0.008025683,22.71006,61.65202,61.80075,96.922,27.72946,
06:00,-0.008025683,22.7574,46.17575,61.26798,96.9,27.72183,
06:00,0,22.80473,62.88225,61.80075,96.938,27.72183,
06:00,0.008025683,22.85207,41.25483,61.80075,96.896,27.70657,
06:00,0,22.89941,78.38313,62.33351,96.906,27.7142,
06:00,0,22.94674,45.09315,61.80075,96.898,27.69894,
06:00,0,23.01775,42.06678,62.33351,96.894,27.69131,
06:00,-0.008025683,23.04142,42.11599,62.33351,96.868,27.68368,
06:00,0,22.99408,74.05273,62.33351,96.906,27.68368,
06:00,0,22.97042,49.00527,62.86628,96.9,27.66842,
06:10,-0.008025683,22.92308,40,62.86628,96.882,27.67605,
06:10,0,22.89941,40,63.39904,96.888,27.66842,
06:10,-0.008025683,22.87574,56.92794,63.9318,96.876,27.65316,
06:10,0,22.85207,48.31635,63.39904,96.9,27.6379,
06:10,0,22.8284,40,63.39904,96.89,27.6379,
06:10,0,22.8284,66.17926,62.86628,96.88,27.62264,
06:10,-0.008025683,22.80473,43.07557,62.86628,96.888,27.61502,
06:10,0,22.80473,50.48155,62.86628,96.896,27.59213,
06:10,-0.01605137,22.78106,65.76099,62.86628,96.904,27.59213,
06:10,-0.008025683,22.78106,40,63.39904,96.924,27.57687,
06:20,-0.008025683,22.78106,66.99121,62.86628,96.876,27.57687,
06:20,-0.01605137,22.7574,81.38489,62.86628,96.9,27.55398,
06:20,0,22.7574,61.30756,62.33351,96.91,27.56161,
06:20,0,22.7574,56.23902,62.86628,96.902,27.56161,
06:20,0.008025683,22.73373,62.83304,62.86628,96.898,27.55398,
06:20,0,22.73373,62.88225,62.86628,96.9,27.53872,
06:20,0,22.73373,40,62.33351,96.92,27.54635,
06:20,-0.008025683,22.73373,40,61.80075,96.878,27.53109,
06:20,0,22.73373,76.02109,61.80075,96.894,27.53872,
06:20,0,22.73373,44.67487,62.33351,96.874,27.53109,
06:30,-0.008025683,22.71006,80.4007,62.86628,96.886,27.52346,
06:30,0,22.73373,40,62.86628,96.896,27.51583,
06:30,0.008025683,22.73373,41.86995,62.33351,96.888,27.51583,
06:30,0,22.87574,42.01757,62.86628,96.882,27.5082,
06:30,0,23.11243,40,62.86628,96.902,27.50057,
06:30,0.008025683,23.39645,69.37785,62.86628,96.908,27.50057,
06:30,-0.008025683,23.68047,54.41828,62.86628,96.876,27.49294,
06:30,0,23.98816,49.49736,62.33351,96.9,27.47768,
06:30,0,24.29586,56.78032,62.33351,96.902,27.47005,
06:30,0,24.60355,55.91916,62.33351,96.874,27.47005,
06:40,0,24.91124,40.44288,62.33351,96.89,27.4548,
06:40,0.008025683,25.19527,69.10721,62.33351,96.884,27.4548,
06:40,0,25.50296,59.33919,61.80075,96.882,27.44717,
06:40,0.008025683,25.78698,72.15817,61.80075,96.92,27.43954,
06:40,0,26.04545,50.87522,62.33351,96.878,27.43191,
06:40,0,26.31818,40,62.33351,96.914,27.42428,
06:40,0,26.56818,41.89455,62.33351,96.892,27.42428,
06:40,0,26.79545,43.96133,61.80075,96.872,27.41665,
06:40,0,27.02273,40,61.26798,96.892,27.41665,
06:40,0,27.25,54.63972,61.80075,96.878,27.40902,
06:50,0.008025683,27.45455,40,61.80075,96.902,27.40902,
06:50,0.01605137,27.65909,69.69772,61.80075,96.878,27.40902,
06:50,0.008025683,27.86364,43.34622,61.26798,96.906,27.39376,
06:50,0.008025683,28.04545,54.29525,61.80075,96.896,27.40139,
06:50,-0.01605137,28.22727,76.95606,61.80075,96.9,27.39376,
06:50,0.008025683,28.40909,50.7768,61.80075,96.902,27.3785,
06:50,-0.008025683,28.56818,45.21617,61.80075,96.886,27.3785,
06:50,0,28.72727,71.12478,61.80075,96.866,27.37087,
06:50,0,28.88636,65.44112,61.26798,96.878,27.37087,
06:50,0,29.02273,72.52724,61.26798,96.858,27.36324,
07:00,0,29.18182,73.88049,60.73521,96.914,27.35561,
07:00,0.01605137,29.29545,40,60.73521,96.894,27.35561,
07:00,0,29.43182,79.90862,60.20245,96.882,27.34798,
07:00,-0.008025683,29.56818,71.34622,60.20245,96.9,27.35561,
07:00,0.01605137,29.68182,40,60.73521,96.894,27.34035,
07:00,-0.008025683,29.79545,42.38664,61.26798,96.894,27.33272,
07:00,-0.01605137,29.90909,40,61.26798,96.898,27.32509,
07:00,0.008025683,30.02247,40,61.26798,96.902,27.34035,
07:00,0.008025683,30.11236,60.84007,60.73521,96.868,27.32509,
07:00,-0.008025683,30.22472,40,60.73521,96.902,27.32509,
07:10,0,30.31461,77.6942,60.73521,96.89,27.31746,
07:10,0,30.4045,40,61.26798,96.894,27.30983,
07:10,0,30.49438,71.59227,62.33351,96.904,27.30983,
07:10,-0.008025683,30.5618,40,62.33351,96.908,27.29457,
07:10,0,30.65169,57.7645,61.26798,96.908,27.3022,
07:10,-0.008025683,30.7191,49.7188,60.73521,96.888,27.29457,
07:10,-0.008025683,30.80899,67.33568,60.73521,96.888,27.29457,
07:10,0,30.8764,40,60.73521,96.862,27.28695,
07:10,0.008025683,30.94382,66.05624,61.80075,96.886,27.27932,
07:10,-0.008025683,31.01124,61.72583,61.26798,96.882,27.28695,
07:20,0.008025683,31.07865,40,61.26798,96.888,27.27169,
07:20,0,31.14607,69.40246,61.80075,96.886,27.27932,
07:20,0,31.21348,61.45518,61.26798,96.91,27.27169,
07:20,-0.008025683,31.25843,69.27943,61.26798,96.87,27.27169,
07:20,-0.008025683,31.32584,52.81898,61.80075,96.892,27.26406,
07:20,0.008025683,31.37079,69.96837,62.86628,96.884,27.26406,
07:20,0,31.4382,74.49561,63.9318,96.896,27.25643,
07:20,0.008025683,31.48315,59.83128,57.53862,96.908,27.25643,
07:20,-0.008025683,31.55056,40,48.48162,96.854,27.25643,
07:20,0.008025683,31.5955,72.8471,47.41609,96.884,27.2488,
07:30,0.008025683,31.64045,51.58875,21.3106,96.884,27.25643,
07:30,-0.008025683,31.68539,84.82953,3.729355,96.902,27.27932,
07:30,-0.008025683,31.73034,40,1.06553,96.876,27.29457,
07:30,0,31.77528,77.49736,1.598295,96.886,27.31746,
07:30,0.008025683,31.82022,76.73462,1.06553,96.878,27.33272,
07:30,0,31.8427,62.36555,1.06553,96.868,27.36324,
07:30,-0.008025683,31.88764,56.60809,1.06553,96.904,27.38613,
07:30,0,31.93258,48.21793,1.06553,96.86,27.40902,
07:30,-0.008025683,31.97753,40,1.06553,96.88,27.43954,
07:30,-0.008025683,32.02247,52.20387,1.06553,96.916,27.46243,
07:40,0.008025683,32.04494,69.89455,1.06553,96.868,27.48531,
07:40,-0.008025683,32.08989,72.74868,1.06553,96.906,27.51583,
07:40,-0.008025683,32.11236,56.31283,41.02291,96.884,27.53872,
07:40,0,32.1573,47.5536,73.52158,96.88,27.5845,
07:40,0.008025683,32.17978,72.01054,104.9547,96.862,27.63027,
07:40,0,32.22472,40,107.6185,96.888,27.69131,
07:40,0,32.24719,40,102.8237,96.882,27.7676,
07:40,0,32.26966,40.56591,102.2909,96.906,27.83627,
07:40,-0.008025683,32.31461,49.37434,104.422,96.902,27.90494,
07:40,-0.008025683,32.33708,48.80844,102.2909,96.896,27.95834,
07:50,0,32.35955,61.70123,102.2909,96.878,28.01175,
07:50,-0.008025683,32.4045,70.43585,100.6926,96.882,28.04227,
07:50,-0.008025683,32.42697,68.76274,98.56153,96.908,28.08042,
07:50,0,32.44944,70.55888,97.496,96.878,28.12619,
07:50,0,32.47191,43.98594,99.0943,96.882,28.14908,
07:50,-0.008025683,32.49438,77.00527,100.6926,96.904,28.18723,
07:50,0.01605137,32.51685,58.60106,101.2254,96.914,28.21775,
07:50,-0.008025683,32.53933,40,101.2254,96.892,28.24826,
07:50,0,32.58427,81.01582,101.2254,96.858,28.27115,
07:50,-0.008025683,32.60674,40,99.0943,96.872,28.30167,
08:00,0,32.62922,73.11775,99.62707,96.914,28.31693,
08:00,0.008025683,32.65168,71.54306,98.02877,96.896,28.34745,
08:00,0,32.67416,50.2355,96.96324,96.908,28.37034,
08:00,0,32.69663,67.63093,97.496,96.896,28.39322,
08:00,0,32.7191,45.88049,96.43047,96.886,28.40848,
08:00,0,32.74157,40,93.23389,96.87,28.43137,
08:00,0.008025683,32.74157,68.46748,94.29942,96.878,28.44663,
08:00,0.01605137,32.78652,62.41476,72.45605,96.89,28.45426,
08:00,0,32.78652,77.62038,64.46457,96.88,28.49241,
08:00,0,32.80899,74.37258,60.20245,96.886,28.50767,
08:10,0,32.83146,58.77328,59.13692,96.884,28.52293,
08:10,-0.008025683,32.85393,43.2232,60.20245,96.912,28.52293,
08:10,0,32.8764,65.98242,59.66969,96.9,28.52293,
08:10,-0.008025683,32.89888,40,59.66969,96.92,28.52293,
08:10,0.01605137,32.89888,40,59.66969,96.908,28.5153,
08:10,0.008025683,32.92135,70.95255,59.66969,96.904,28.50004,
08:10,0,32.94382,40,59.66969,96.898,28.48478,
08:10,0.008025683,32.96629,70.75571,59.66969,96.9,28.48478,
08:10,0.01605137,32.96629,40,59.66969,96.908,28.46189,
08:10,0,32.98877,70.38664,59.66969,96.864,28.45426,
08:20,-0.008025683,33.01123,40.14763,59.66969,96.878,28.43137,
08:20,0.008025683,33.03371,40,59.13692,96.886,28.41611,
08:20,0,33.03371,40,59.13692,96.908,28.40085,
08:20,0,33.05618,40,59.66969,96.91,28.37797,
08:20,0,33.07865,52.10545,59.66969,96.886,28.37034,
08:20,0,33.10112,40,59.66969,96.898,28.34745,
08:20,0,33.05618,56.28822,59.66969,96.862,28.32456,
08:20,0,33.1236,40,59.66969,96.9,28.3093,
08:20,0.008025683,33.25843,56.63269,59.66969,96.884,28.29404,
08:20,0.008025683,33.4382,65.71178,59.13692,96.894,28.28641,
08:30,0,33.5955,53.43409,59.13692,96.908,28.25589,
08:30,-0.008025683,33.75281,40,59.13692,96.88,28.26352,
08:30,0,33.95506,76.48858,59.13692,96.878,28.22538,
08:30,0,34.11236,68.81195,59.13692,96.912,28.21775,
08:30,-0.008025683,34.29213,53.01582,59.13692,96.906,28.20249,
08:30,0,34.44944,40,59.13692,96.884,28.1796,
08:30,-0.008025683,34.58427,67.26186,59.13692,96.916,28.16434,
08:30,0,34.74157,40,59.13692,96.9,28.14145,
08:30,-0.008025683,34.83146,77.76801,58.60416,96.878,28.12619,
08:30,-0.008025683,34.94382,40,58.60416,96.886,28.12619,
08:40,0.008025683,35.07865,75.43058,59.13692,96.884,28.09567,
08:40,0.008025683,35.14607,68.24605,59.13692,96.932,28.09567,
08:40,0,35.23595,75.529,58.60416,96.876,28.08042,
08:40,0,35.32584,76.98067,58.60416,96.896,28.07279,
08:40,0,35.37078,44.35501,58.60416,96.908,28.0499,
08:40,-0.008025683,35.4382,63.7188,58.60416,96.886,28.03464,
08:40,0.008025683,35.50562,63.10369,58.07139,96.912,28.02701,
08:40,-0.008025683,35.55056,49.76801,58.07139,96.896,28.01938,
08:40,-0.008025683,35.5955,46.37259,58.60416,96.866,28.00412,
08:40,-0.008025683,35.64045,40,58.60416,96.88,27.99649,
08:50,0,35.68539,53.75396,58.60416,96.894,27.98123,
08:50,-0.008025683,35.70787,52.94201,58.60416,96.884,27.9736,
08:50,0.008025683,35.75281,60.39719,58.60416,96.882,27.95071,
08:50,0,35.77528,40,58.60416,96.882,27.95071,
08:50,0,35.82022,40,58.60416,96.904,27.92782,
08:50,0.008025683,35.82022,67.9754,58.60416,96.888,27.92019,
08:50,-0.008025683,35.8427,70.23901,58.60416,96.922,27.92019,
08:50,0,35.88764,57.39543,58.60416,96.882,27.91257,
08:50,0,35.88764,40,58.60416,96.874,27.91257,
08:50,0,35.93258,72.10896,58.60416,96.9,27.88968,
09:00,-0.01605137,35.93258,73.14236,58.60416,96.918,27.88968,
09:00,0.008025683,35.95506,71.39543,58.60416,96.91,27.88968,
09:00,0.008025683,35.97753,50.50615,58.60416,96.874,27.88205,
09:00,0,35.95506,71.7645,59.13692,96.896,27.87442,
09:00,-0.008025683,35.97753,61.50439,58.60416,96.91,27.86679,
09:00,0,36,54.78735,58.60416,96.87,27.85916,
09:00,0,36.02247,63.47276,58.60416,96.9,27.85916,
09:00,0,36.02247,56.6819,58.60416,96.904,27.8439,
09:00,0,36.04494,68.78735,58.60416,96.88,27.83627,
09:00,0,36.06742,49.42355,58.60416,96.906,27.82101,
09:10,0,36.04494,64.62917,58.60416,96.916,27.81338,
09:10,0,36.06742,69.5993,58.60416,96.874,27.79049,
09:10,0.008025683,36.08989,40,58.60416,96.884,27.79049,
09:10,0,36.08989,55.89455,58.60416,96.89,27.77523,
09:10,-0.008025683,36.08989,65.49033,58.60416,96.918,27.75998,
09:10,-0.008025683,36.11236,59.70826,58.60416,96.878,27.73709,
09:10,-0.008025683,36.08989,63.20211,58.60416,96.894,27.73709,
09:10,0.008025683,36.11236,56.6819,58.60416,96.892,27.7142,
09:10,0,36.13483,69.03339,58.60416,96.906,27.72183,
09:10,-0.008025683,36.13483,78.94904,58.60416,96.864,27.69131,
09:20,-0.008025683,36.1573,66.49912,58.60416,96.878,27.69131,
09:20,0,36.13483,42.50967,58.60416,96.884,27.68368,
09:20,-0.008025683,36.1573,41.77153,58.60416,96.892,27.66079,
09:20,0,36.17978,40,58.60416,96.926,27.66079,
09:20,-0.008025683,36.1573,43.12478,58.60416,96.892,27.65316,
09:20,0.008025683,36.1573,53.82777,58.60416,96.894,27.6379,
09:20,-0.01605137,36.17978,78.55536,59.13692,96.908,27.6379,
09:20,0,36.20225,51.2935,59.13692,96.892,27.62264,
09:20,0.01605137,36.20225,71.37083,59.13692,96.924,27.61502,
09:20,-0.008025683,36.17978,68.41827,59.13692,96.896,27.61502,
09:30,-0.008025683,36.20225,40,59.13692,96.9,27.60739,
09:30,0.01605137,36.22472,57.91212,59.13692,96.898,27.59213,
09:30,0,36.20225,40,59.13692,96.914,27.59213,
09:30,0.008025683,36.22472,40.49209,59.13692,96.894,27.57687,
09:30,0,36.22472,72.3058,59.13692,96.93,27.5845,
09:30,0,36.24719,40,59.13692,96.882,27.56161,
09:30,0,36.24719,70.58348,14.91742,96.886,27.56924,
09:30,0.008025683,36.24719,74.39719,2.663825,96.908,27.57687,
09:30,-0.008025683,36.24719,78.7522,1.06553,96.87,27.57687,
09:30,0,36.26966,72.20738,38.35909,96.894,27.57687,
09:40,-0.008025683,36.24719,57.17399,55.94033,96.886,27.5845,
09:40,0,36.11236,48.75923,58.07139,96.9,27.57687,
09:40,0.008025683,35.91011,59.33919,58.07139,96.878,27.55398,
09:40,0,35.68539,75.50439,70.85775,96.868,27.55398,
09:40,0,35.5955,56.60809,58.07139,96.882,27.59213,
09:40,0.01605137,35.50562,65.19508,19.17954,96.89,30.95674,
09:40,0.008025683,35.48315,95.53252,10.12254,96.866,38.61677,
09:40,0.008025683,35.46067,92.03867,6.925946,96.896,49.65667,
09:40,-0.01605137,35.46067,61.92267,39.95738,96.924,57.30907,
09:40,0,35.46067,66.03163,98.02877,96.876,60.46006,
09:50,0,35.46067,67.28647,99.0943,96.906,61.14672,
09:50,-0.008025683,35.46067,59.75747,96.96324,96.946,61.19249,
09:50,-0.008025683,35.46067,54.17223,96.43047,96.906,60.7042,
09:50,-0.008025683,35.48315,80.4007,96.43047,96.918,59.88022,
09:50,-0.008025683,35.50562,60.88928,95.89771,96.88,58.93416,
09:50,-0.008025683,35.50562,40,96.43047,96.898,57.94995,
09:50,0,35.50562,66.10545,96.96324,96.882,56.981,
09:50,-0.008025683,35.50562,62.93146,101.7581,96.888,56.05783,
09:50,0,35.52809,71.00175,102.2909,96.896,55.17281,
09:50,0,35.52809,73.73286,99.62707,96.89,54.3183,
10:00,0,35.55056,53.9754,101.7581,96.9,53.47143,
10:00,-0.008025683,35.55056,63.64499,100.6926,96.906,52.69322,
10:00,-0.008025683,35.55056,48.90685,98.56153,96.918,51.95316,
10:00,0,35.57303,40,98.02877,96.862,51.22072,
10:00,0,35.57303,74.93849,96.96324,96.922,50.55695,
10:00,0,35.57303,73.01933,93.23389,96.892,49.90845,
10:00,0,35.57303,74.32337,94.83218,96.904,49.30571,
10:00,0,35.5955,75.67663,94.29942,96.908,48.71824,
10:00,-0.008025683,35.5955,77.91564,78.31646,96.898,48.16129,
10:00,-0.35313,35.5955,75.47979,62.33351,96.898,47.65011,
10:10,-0.1203852,35.61798,61.18454,45.81779,96.878,47.18471,
10:10,-0.6420546,35.5955,73.06854,76.1854,96.904,46.7956,
10:10,-0.5778491,35.61798,66.44991,77.7837,96.918,46.45991,
10:10,-1.388443,35.61798,61.94728,70.85775,96.914,46.13947,
10:10,0.4012841,35.64045,78.26011,76.71817,96.9,45.84954,
10:10,-5.802568,35.64045,54.78735,72.45605,96.89,45.57488,
10:10,-1.452649,35.64045,82.73814,77.25093,96.882,45.33074,
10:10,-1.629213,35.64045,48.51318,74.5871,96.886,45.13237,
10:10,-0.4333868,35.66292,78.80141,67.1284,96.91,44.96452,
10:10,0,35.66292,55.15641,55.94033,96.876,44.81193,
10:20,0.008025683,35.66292,41.5993,57.53862,96.896,44.65934,
10:20,0.01605137,35.66292,61.77504,57.00586,96.924,44.46861,
10:20,0.008025683,35.66292,40.22144,57.53862,96.92,44.25498,
10:20,0,35.66292,63.07909,58.07139,96.88,44.07187,
10:20,0,35.68539,40,58.07139,96.908,43.91928,

